"outcome_resample","estimate","se","ci_lower","ci_upper","converged","profile","scenario_id","design_resample","design_id","design_label","design_name","design_short_name","design_group","tau","gamma","rho","spillover_type","n_design_resamples","n_outcome_resamples","n_treated","n_control"
1,2.42404830533295,0.489940662577788,1.4637822521188,3.38431435854711,TRUE,"full",626,1,2,"Design 2","High Incidence Focus","Hi-Inc. Focus","Stratified",3,0.8,0.2,"both",25,10,29,29
2,2.71918224058717,0.520462342725744,1.69909479353537,3.73926968763897,TRUE,"full",626,1,2,"Design 2","High Incidence Focus","Hi-Inc. Focus","Stratified",3,0.8,0.2,"both",25,10,29,29
3,3.33245226621752,0.528621910442311,2.29637236031184,4.36853217212321,TRUE,"full",626,1,2,"Design 2","High Incidence Focus","Hi-Inc. Focus","Stratified",3,0.8,0.2,"both",25,10,29,29
4,3.40753627229361,0.449298129331039,2.52692812048355,4.28814442410366,TRUE,"full",626,1,2,"Design 2","High Incidence Focus","Hi-Inc. Focus","Stratified",3,0.8,0.2,"both",25,10,29,29
5,2.02423209456129,0.487890323831376,1.0679846314462,2.98047955767637,TRUE,"full",626,1,2,"Design 2","High Incidence Focus","Hi-Inc. Focus","Stratified",3,0.8,0.2,"both",25,10,29,29
6,2.16778381695966,0.45709208324824,1.27189979617472,3.06366783774459,TRUE,"full",626,1,2,"Design 2","High Incidence Focus","Hi-Inc. Focus","Stratified",3,0.8,0.2,"both",25,10,29,29
7,2.30769127617387,0.564270044579812,1.20174231124263,3.41364024110511,TRUE,"full",626,1,2,"Design 2","High Incidence Focus","Hi-Inc. Focus","Stratified",3,0.8,0.2,"both",25,10,29,29
8,3.27838077189879,0.526978134763355,2.24552260712252,4.31123893667506,TRUE,"full",626,1,2,"Design 2","High Incidence Focus","Hi-Inc. Focus","Stratified",3,0.8,0.2,"both",25,10,29,29
9,2.53787168810444,0.483328685089991,1.59056487263296,3.48517850357592,TRUE,"full",626,1,2,"Design 2","High Incidence Focus","Hi-Inc. Focus","Stratified",3,0.8,0.2,"both",25,10,29,29
10,2.97220575610461,0.434996752599899,2.11962778761693,3.82478372459229,TRUE,"full",626,1,2,"Design 2","High Incidence Focus","Hi-Inc. Focus","Stratified",3,0.8,0.2,"both",25,10,29,29
1,3.34843974011326,0.495863625375598,2.37656489313363,4.3203145870929,TRUE,"full",626,2,2,"Design 2","High Incidence Focus","Hi-Inc. Focus","Stratified",3,0.8,0.2,"both",25,10,29,29
2,3.43362905700966,0.489112733159113,2.47498571563785,4.39227239838147,TRUE,"full",626,2,2,"Design 2","High Incidence Focus","Hi-Inc. Focus","Stratified",3,0.8,0.2,"both",25,10,29,29
3,3.05737562166318,0.44214745606807,2.19078253191376,3.92396871141261,TRUE,"full",626,2,2,"Design 2","High Incidence Focus","Hi-Inc. Focus","Stratified",3,0.8,0.2,"both",25,10,29,29
4,3.2773040309226,0.416598156430658,2.46078664829272,4.09382141355247,TRUE,"full",626,2,2,"Design 2","High Incidence Focus","Hi-Inc. Focus","Stratified",3,0.8,0.2,"both",25,10,29,29
5,4.09216278320744,0.504426851672341,3.10350432109472,5.08082124532016,TRUE,"full",626,2,2,"Design 2","High Incidence Focus","Hi-Inc. Focus","Stratified",3,0.8,0.2,"both",25,10,29,29
6,1.89914913847985,0.46128844969215,0.995040390598923,2.80325788636078,TRUE,"full",626,2,2,"Design 2","High Incidence Focus","Hi-Inc. Focus","Stratified",3,0.8,0.2,"both",25,10,29,29
7,3.29463558022381,0.536763440393495,2.24259856883475,4.34667259161287,TRUE,"full",626,2,2,"Design 2","High Incidence Focus","Hi-Inc. Focus","Stratified",3,0.8,0.2,"both",25,10,29,29
8,3.14077988289448,0.502578398284597,2.15574432284884,4.12581544294011,TRUE,"full",626,2,2,"Design 2","High Incidence Focus","Hi-Inc. Focus","Stratified",3,0.8,0.2,"both",25,10,29,29
9,3.38056769055012,0.394556479677712,2.60725120051489,4.15388418058534,TRUE,"full",626,2,2,"Design 2","High Incidence Focus","Hi-Inc. Focus","Stratified",3,0.8,0.2,"both",25,10,29,29
10,2.55920702942088,0.504751506532454,1.56991225547493,3.54850180336682,TRUE,"full",626,2,2,"Design 2","High Incidence Focus","Hi-Inc. Focus","Stratified",3,0.8,0.2,"both",25,10,29,29
1,2.61527773008737,0.496502778654555,1.64215016570038,3.58840529447435,TRUE,"full",626,3,2,"Design 2","High Incidence Focus","Hi-Inc. Focus","Stratified",3,0.8,0.2,"both",25,10,29,29
2,2.165296507314,0.477325966879635,1.22975480334416,3.10083821128384,TRUE,"full",626,3,2,"Design 2","High Incidence Focus","Hi-Inc. Focus","Stratified",3,0.8,0.2,"both",25,10,29,29
3,2.79626787051418,0.530759959002968,1.75599746643241,3.83653827459596,TRUE,"full",626,3,2,"Design 2","High Incidence Focus","Hi-Inc. Focus","Stratified",3,0.8,0.2,"both",25,10,29,29
4,2.77055259104328,0.48973751487759,1.81068470000506,3.73042048208151,TRUE,"full",626,3,2,"Design 2","High Incidence Focus","Hi-Inc. Focus","Stratified",3,0.8,0.2,"both",25,10,29,29
5,2.70558093970075,0.524667811696191,1.67725092492877,3.73391095447272,TRUE,"full",626,3,2,"Design 2","High Incidence Focus","Hi-Inc. Focus","Stratified",3,0.8,0.2,"both",25,10,29,29
6,3.5565898980125,0.485215734543086,2.6055845335759,4.5075952624491,TRUE,"full",626,3,2,"Design 2","High Incidence Focus","Hi-Inc. Focus","Stratified",3,0.8,0.2,"both",25,10,29,29
7,2.91036370943388,0.499044996176009,1.93225349026398,3.88847392860379,TRUE,"full",626,3,2,"Design 2","High Incidence Focus","Hi-Inc. Focus","Stratified",3,0.8,0.2,"both",25,10,29,29
8,3.93149538894889,0.461157874614361,3.0276425635177,4.83534821438007,TRUE,"full",626,3,2,"Design 2","High Incidence Focus","Hi-Inc. Focus","Stratified",3,0.8,0.2,"both",25,10,29,29
9,2.71471622761814,0.464312557024013,1.80468033828137,3.6247521169549,TRUE,"full",626,3,2,"Design 2","High Incidence Focus","Hi-Inc. Focus","Stratified",3,0.8,0.2,"both",25,10,29,29
10,2.54570603851674,0.441547324585524,1.6802891848591,3.41112289217438,TRUE,"full",626,3,2,"Design 2","High Incidence Focus","Hi-Inc. Focus","Stratified",3,0.8,0.2,"both",25,10,29,29
1,3.23322110448147,0.5373904203792,2.1799552349014,4.28648697406154,TRUE,"full",626,4,2,"Design 2","High Incidence Focus","Hi-Inc. Focus","Stratified",3,0.8,0.2,"both",25,10,29,29
2,3.69532024933213,0.513070884813781,2.68971979358102,4.70092070508324,TRUE,"full",626,4,2,"Design 2","High Incidence Focus","Hi-Inc. Focus","Stratified",3,0.8,0.2,"both",25,10,29,29
3,2.08073489730211,0.516086492997966,1.06922395811851,3.0922458364857,TRUE,"full",626,4,2,"Design 2","High Incidence Focus","Hi-Inc. Focus","Stratified",3,0.8,0.2,"both",25,10,29,29
4,3.20387868798379,0.522464940671009,2.17986622108375,4.22789115488382,TRUE,"full",626,4,2,"Design 2","High Incidence Focus","Hi-Inc. Focus","Stratified",3,0.8,0.2,"both",25,10,29,29
5,2.80389869493402,0.533334481817684,1.75858231885803,3.84921507101002,TRUE,"full",626,4,2,"Design 2","High Incidence Focus","Hi-Inc. Focus","Stratified",3,0.8,0.2,"both",25,10,29,29
6,2.99950890902916,0.50880216299949,2.00227499429408,3.99674282376423,TRUE,"full",626,4,2,"Design 2","High Incidence Focus","Hi-Inc. Focus","Stratified",3,0.8,0.2,"both",25,10,29,29
7,3.01612397663042,0.455784145041028,2.12280346762562,3.90944448563521,TRUE,"full",626,4,2,"Design 2","High Incidence Focus","Hi-Inc. Focus","Stratified",3,0.8,0.2,"both",25,10,29,29
8,2.35744604929001,0.45675960921288,1.46221366564018,3.25267843293985,TRUE,"full",626,4,2,"Design 2","High Incidence Focus","Hi-Inc. Focus","Stratified",3,0.8,0.2,"both",25,10,29,29
9,3.80453387224866,0.448253455971685,2.92597324259855,4.68309450189877,TRUE,"full",626,4,2,"Design 2","High Incidence Focus","Hi-Inc. Focus","Stratified",3,0.8,0.2,"both",25,10,29,29
10,3.18320363921713,0.444841682703541,2.311329962296,4.05507731613827,TRUE,"full",626,4,2,"Design 2","High Incidence Focus","Hi-Inc. Focus","Stratified",3,0.8,0.2,"both",25,10,29,29
1,2.90033711105063,0.544801788784237,1.83254522632053,3.96812899578073,TRUE,"full",626,5,2,"Design 2","High Incidence Focus","Hi-Inc. Focus","Stratified",3,0.8,0.2,"both",25,10,29,29
2,2.65186434304514,0.508331255699761,1.65555338965759,3.6481752964327,TRUE,"full",626,5,2,"Design 2","High Incidence Focus","Hi-Inc. Focus","Stratified",3,0.8,0.2,"both",25,10,29,29
3,3.03728265948779,0.575267942886987,1.90977820996885,4.16478710900672,TRUE,"full",626,5,2,"Design 2","High Incidence Focus","Hi-Inc. Focus","Stratified",3,0.8,0.2,"both",25,10,29,29
4,3.21386278329409,0.544572716862616,2.14651987128023,4.28120569530794,TRUE,"full",626,5,2,"Design 2","High Incidence Focus","Hi-Inc. Focus","Stratified",3,0.8,0.2,"both",25,10,29,29
5,2.65331149789847,0.53110942664582,1.61235614982295,3.694266845974,TRUE,"full",626,5,2,"Design 2","High Incidence Focus","Hi-Inc. Focus","Stratified",3,0.8,0.2,"both",25,10,29,29
6,2.59897640885039,0.49883037620369,1.62128683709659,3.57666598060419,TRUE,"full",626,5,2,"Design 2","High Incidence Focus","Hi-Inc. Focus","Stratified",3,0.8,0.2,"both",25,10,29,29
7,2.04450312694322,0.597249533747766,0.873915551014256,3.21509070287218,TRUE,"full",626,5,2,"Design 2","High Incidence Focus","Hi-Inc. Focus","Stratified",3,0.8,0.2,"both",25,10,29,29
8,3.25173348008316,0.504817646767133,2.26230907365932,4.241157886507,TRUE,"full",626,5,2,"Design 2","High Incidence Focus","Hi-Inc. Focus","Stratified",3,0.8,0.2,"both",25,10,29,29
9,2.06174808928376,0.510749702201846,1.06069706785358,3.06279911071393,TRUE,"full",626,5,2,"Design 2","High Incidence Focus","Hi-Inc. Focus","Stratified",3,0.8,0.2,"both",25,10,29,29
10,2.49884855589643,0.64507753509662,1.23451981987118,3.76317729192168,TRUE,"full",626,5,2,"Design 2","High Incidence Focus","Hi-Inc. Focus","Stratified",3,0.8,0.2,"both",25,10,29,29
1,2.92934884965709,0.527850076382882,1.89478171070993,3.96391598860426,TRUE,"full",626,6,2,"Design 2","High Incidence Focus","Hi-Inc. Focus","Stratified",3,0.8,0.2,"both",25,10,29,29
2,2.07818642729041,0.451777145918219,1.19271949225241,2.96365336232842,TRUE,"full",626,6,2,"Design 2","High Incidence Focus","Hi-Inc. Focus","Stratified",3,0.8,0.2,"both",25,10,29,29
3,2.88966355592856,0.488841473193848,1.93155187431912,3.84777523753801,TRUE,"full",626,6,2,"Design 2","High Incidence Focus","Hi-Inc. Focus","Stratified",3,0.8,0.2,"both",25,10,29,29
4,2.66416913955661,0.422218004330353,1.83663705744474,3.49170122166848,TRUE,"full",626,6,2,"Design 2","High Incidence Focus","Hi-Inc. Focus","Stratified",3,0.8,0.2,"both",25,10,29,29
5,3.13458414018601,0.461048927926689,2.2309448463389,4.03822343403312,TRUE,"full",626,6,2,"Design 2","High Incidence Focus","Hi-Inc. Focus","Stratified",3,0.8,0.2,"both",25,10,29,29
6,2.28272040730627,0.47969215524407,1.3425410593615,3.22289975525105,TRUE,"full",626,6,2,"Design 2","High Incidence Focus","Hi-Inc. Focus","Stratified",3,0.8,0.2,"both",25,10,29,29
7,2.56896672449323,0.566902314475102,1.45785860536964,3.68007484361683,TRUE,"full",626,6,2,"Design 2","High Incidence Focus","Hi-Inc. Focus","Stratified",3,0.8,0.2,"both",25,10,29,29
8,3.28559121530457,0.547042117710719,2.21340836656504,4.3577740640441,TRUE,"full",626,6,2,"Design 2","High Incidence Focus","Hi-Inc. Focus","Stratified",3,0.8,0.2,"both",25,10,29,29
9,3.88670967614726,0.552146731162785,2.80452196888668,4.96889738340784,TRUE,"full",626,6,2,"Design 2","High Incidence Focus","Hi-Inc. Focus","Stratified",3,0.8,0.2,"both",25,10,29,29
10,3.40797504896113,0.559204089000448,2.31195517451272,4.50399492340954,TRUE,"full",626,6,2,"Design 2","High Incidence Focus","Hi-Inc. Focus","Stratified",3,0.8,0.2,"both",25,10,29,29
1,2.87018335191363,0.553465618580924,1.78541067281383,3.95495603101342,TRUE,"full",626,7,2,"Design 2","High Incidence Focus","Hi-Inc. Focus","Stratified",3,0.8,0.2,"both",25,10,29,29
2,2.60564600147373,0.467150164895236,1.69004850290712,3.52124350004034,TRUE,"full",626,7,2,"Design 2","High Incidence Focus","Hi-Inc. Focus","Stratified",3,0.8,0.2,"both",25,10,29,29
3,3.14541272799098,0.484917569169714,2.19499175694763,4.09583369903433,TRUE,"full",626,7,2,"Design 2","High Incidence Focus","Hi-Inc. Focus","Stratified",3,0.8,0.2,"both",25,10,29,29
4,2.66708134825608,0.549251444064916,1.59056829943223,3.74359439707993,TRUE,"full",626,7,2,"Design 2","High Incidence Focus","Hi-Inc. Focus","Stratified",3,0.8,0.2,"both",25,10,29,29
5,2.95845204494845,0.433488779816517,2.10882964880587,3.80807444109104,TRUE,"full",626,7,2,"Design 2","High Incidence Focus","Hi-Inc. Focus","Stratified",3,0.8,0.2,"both",25,10,29,29
6,3.56387013882758,0.546690726591291,2.49237600402662,4.63536427362854,TRUE,"full",626,7,2,"Design 2","High Incidence Focus","Hi-Inc. Focus","Stratified",3,0.8,0.2,"both",25,10,29,29
7,2.89865492669547,0.475193059364593,1.96729364463746,3.83001620875347,TRUE,"full",626,7,2,"Design 2","High Incidence Focus","Hi-Inc. Focus","Stratified",3,0.8,0.2,"both",25,10,29,29
8,3.09504585851341,0.519011040927469,2.07780291071693,4.11228880630989,TRUE,"full",626,7,2,"Design 2","High Incidence Focus","Hi-Inc. Focus","Stratified",3,0.8,0.2,"both",25,10,29,29
9,2.21414385649699,0.454198787281541,1.3239305916034,3.10435712139057,TRUE,"full",626,7,2,"Design 2","High Incidence Focus","Hi-Inc. Focus","Stratified",3,0.8,0.2,"both",25,10,29,29
10,3.83602384993251,0.453107170156403,2.9479501152891,4.72409758457593,TRUE,"full",626,7,2,"Design 2","High Incidence Focus","Hi-Inc. Focus","Stratified",3,0.8,0.2,"both",25,10,29,29
1,3.2262747022298,0.505320059732175,2.23586558448911,4.21668381997049,TRUE,"full",626,8,2,"Design 2","High Incidence Focus","Hi-Inc. Focus","Stratified",3,0.8,0.2,"both",25,10,29,29
2,2.01926119309768,0.50453520460712,1.03039036313518,3.00813202306018,TRUE,"full",626,8,2,"Design 2","High Incidence Focus","Hi-Inc. Focus","Stratified",3,0.8,0.2,"both",25,10,29,29
3,1.85323419647096,0.48974834082873,0.893345086958398,2.81312330598351,TRUE,"full",626,8,2,"Design 2","High Incidence Focus","Hi-Inc. Focus","Stratified",3,0.8,0.2,"both",25,10,29,29
4,2.67100859636699,0.527470204252895,1.63718599311333,3.70483119962065,TRUE,"full",626,8,2,"Design 2","High Incidence Focus","Hi-Inc. Focus","Stratified",3,0.8,0.2,"both",25,10,29,29
5,2.81440747603537,0.447628444788417,1.93707184579439,3.69174310627634,TRUE,"full",626,8,2,"Design 2","High Incidence Focus","Hi-Inc. Focus","Stratified",3,0.8,0.2,"both",25,10,29,29
6,2.90377639895345,0.489813607504066,1.94375936910784,3.86379342879906,TRUE,"full",626,8,2,"Design 2","High Incidence Focus","Hi-Inc. Focus","Stratified",3,0.8,0.2,"both",25,10,29,29
7,3.439944244572,0.505794485622046,2.44860526917383,4.43128321997017,TRUE,"full",626,8,2,"Design 2","High Incidence Focus","Hi-Inc. Focus","Stratified",3,0.8,0.2,"both",25,10,29,29
8,2.20654561599081,0.541569657019143,1.14508859311358,3.26800263886804,TRUE,"full",626,8,2,"Design 2","High Incidence Focus","Hi-Inc. Focus","Stratified",3,0.8,0.2,"both",25,10,29,29
9,3.06362382616518,0.481881079736975,2.11915426504944,4.00809338728093,TRUE,"full",626,8,2,"Design 2","High Incidence Focus","Hi-Inc. Focus","Stratified",3,0.8,0.2,"both",25,10,29,29
10,3.2324199960909,0.455332739252702,2.33998422617364,4.12485576600816,TRUE,"full",626,8,2,"Design 2","High Incidence Focus","Hi-Inc. Focus","Stratified",3,0.8,0.2,"both",25,10,29,29
1,3.04367758773365,0.50464641823501,2.0545887830659,4.03276639240141,TRUE,"full",626,9,2,"Design 2","High Incidence Focus","Hi-Inc. Focus","Stratified",3,0.8,0.2,"both",25,10,29,29
2,3.37092047635636,0.52749265667255,2.33705386716881,4.40478708554391,TRUE,"full",626,9,2,"Design 2","High Incidence Focus","Hi-Inc. Focus","Stratified",3,0.8,0.2,"both",25,10,29,29
3,2.77788318578746,0.537642477788155,1.7241232927638,3.83164307881112,TRUE,"full",626,9,2,"Design 2","High Incidence Focus","Hi-Inc. Focus","Stratified",3,0.8,0.2,"both",25,10,29,29
4,2.35090145403603,0.56633437209695,1.24090648151891,3.46089642655316,TRUE,"full",626,9,2,"Design 2","High Incidence Focus","Hi-Inc. Focus","Stratified",3,0.8,0.2,"both",25,10,29,29
5,2.67540444358937,0.485902848428378,1.72305236068432,3.62775652649441,TRUE,"full",626,9,2,"Design 2","High Incidence Focus","Hi-Inc. Focus","Stratified",3,0.8,0.2,"both",25,10,29,29
6,2.71340928355951,0.518868810376805,1.69644510251983,3.73037346459919,TRUE,"full",626,9,2,"Design 2","High Incidence Focus","Hi-Inc. Focus","Stratified",3,0.8,0.2,"both",25,10,29,29
7,2.40606819727787,0.456820646671225,1.51071618240797,3.30142021214777,TRUE,"full",626,9,2,"Design 2","High Incidence Focus","Hi-Inc. Focus","Stratified",3,0.8,0.2,"both",25,10,29,29
8,3.64578501370311,0.425311144691036,2.81219048788517,4.47937953952104,TRUE,"full",626,9,2,"Design 2","High Incidence Focus","Hi-Inc. Focus","Stratified",3,0.8,0.2,"both",25,10,29,29
9,3.58553992618759,0.53048376772681,2.54581084705993,4.62526900531525,TRUE,"full",626,9,2,"Design 2","High Incidence Focus","Hi-Inc. Focus","Stratified",3,0.8,0.2,"both",25,10,29,29
10,2.91258161639926,0.482804280184,1.96630261565684,3.85886061714169,TRUE,"full",626,9,2,"Design 2","High Incidence Focus","Hi-Inc. Focus","Stratified",3,0.8,0.2,"both",25,10,29,29
1,3.13078220331722,0.462216704715578,2.2248541090219,4.03671029761253,TRUE,"full",626,10,2,"Design 2","High Incidence Focus","Hi-Inc. Focus","Stratified",3,0.8,0.2,"both",25,10,29,29
2,2.663481360428,0.467371543924474,1.74744996693716,3.57951275391885,TRUE,"full",626,10,2,"Design 2","High Incidence Focus","Hi-Inc. Focus","Stratified",3,0.8,0.2,"both",25,10,29,29
3,3.54293492069707,0.506761765162733,2.54970011223617,4.53616972915797,TRUE,"full",626,10,2,"Design 2","High Incidence Focus","Hi-Inc. Focus","Stratified",3,0.8,0.2,"both",25,10,29,29
4,1.91373688196106,0.447457767377645,1.03673577329817,2.79073799062395,TRUE,"full",626,10,2,"Design 2","High Incidence Focus","Hi-Inc. Focus","Stratified",3,0.8,0.2,"both",25,10,29,29
5,4.05016476754834,0.509968182895671,3.05064549581149,5.04968403928519,TRUE,"full",626,10,2,"Design 2","High Incidence Focus","Hi-Inc. Focus","Stratified",3,0.8,0.2,"both",25,10,29,29
6,3.22659057870646,0.492721773922933,2.26087364741883,4.1923075099941,TRUE,"full",626,10,2,"Design 2","High Incidence Focus","Hi-Inc. Focus","Stratified",3,0.8,0.2,"both",25,10,29,29
7,2.76531265603403,0.478517763809017,1.82743507300571,3.70319023906234,TRUE,"full",626,10,2,"Design 2","High Incidence Focus","Hi-Inc. Focus","Stratified",3,0.8,0.2,"both",25,10,29,29
8,4.25732358874688,0.581425403057839,3.11775073905683,5.39689643843693,TRUE,"full",626,10,2,"Design 2","High Incidence Focus","Hi-Inc. Focus","Stratified",3,0.8,0.2,"both",25,10,29,29
9,2.95100944682703,0.607043339912424,1.76122636354377,4.14079253011029,TRUE,"full",626,10,2,"Design 2","High Incidence Focus","Hi-Inc. Focus","Stratified",3,0.8,0.2,"both",25,10,29,29
10,4.12968636348332,0.537356121481781,3.0764877185069,5.18288500845974,TRUE,"full",626,10,2,"Design 2","High Incidence Focus","Hi-Inc. Focus","Stratified",3,0.8,0.2,"both",25,10,29,29
1,2.97815125856614,0.489393704181298,2.01895722411014,3.93734529302213,TRUE,"full",626,11,2,"Design 2","High Incidence Focus","Hi-Inc. Focus","Stratified",3,0.8,0.2,"both",25,10,29,29
2,2.55426416753407,0.531213598632666,1.51310464611613,3.59542368895201,TRUE,"full",626,11,2,"Design 2","High Incidence Focus","Hi-Inc. Focus","Stratified",3,0.8,0.2,"both",25,10,29,29
3,2.90425553273363,0.507395152362297,1.90977930817331,3.89873175729394,TRUE,"full",626,11,2,"Design 2","High Incidence Focus","Hi-Inc. Focus","Stratified",3,0.8,0.2,"both",25,10,29,29
4,3.41810885297289,0.539903061147587,2.35991829798069,4.47629940796508,TRUE,"full",626,11,2,"Design 2","High Incidence Focus","Hi-Inc. Focus","Stratified",3,0.8,0.2,"both",25,10,29,29
5,3.68724833049603,0.567145347607623,2.57566387518564,4.79883278580641,TRUE,"full",626,11,2,"Design 2","High Incidence Focus","Hi-Inc. Focus","Stratified",3,0.8,0.2,"both",25,10,29,29
6,3.06742134649109,0.547133609665126,1.99505917681605,4.13978351616613,TRUE,"full",626,11,2,"Design 2","High Incidence Focus","Hi-Inc. Focus","Stratified",3,0.8,0.2,"both",25,10,29,29
7,3.09749823296332,0.520499758758534,2.07733745183481,4.11765901409183,TRUE,"full",626,11,2,"Design 2","High Incidence Focus","Hi-Inc. Focus","Stratified",3,0.8,0.2,"both",25,10,29,29
8,3.12216383079846,0.485576252736683,2.17045186368665,4.07387579791028,TRUE,"full",626,11,2,"Design 2","High Incidence Focus","Hi-Inc. Focus","Stratified",3,0.8,0.2,"both",25,10,29,29
9,3.72261192288665,0.47086573067204,2.79973204921532,4.64549179655799,TRUE,"full",626,11,2,"Design 2","High Incidence Focus","Hi-Inc. Focus","Stratified",3,0.8,0.2,"both",25,10,29,29
10,2.96219299144116,0.479039893311893,2.02329205339194,3.90109392949038,TRUE,"full",626,11,2,"Design 2","High Incidence Focus","Hi-Inc. Focus","Stratified",3,0.8,0.2,"both",25,10,29,29
1,2.61114233668436,0.517627054231115,1.59661195296781,3.6256727204009,TRUE,"full",626,12,2,"Design 2","High Incidence Focus","Hi-Inc. Focus","Stratified",3,0.8,0.2,"both",25,10,29,29
2,2.47855600325149,0.441923568805876,1.61240172447257,3.34471028203042,TRUE,"full",626,12,2,"Design 2","High Incidence Focus","Hi-Inc. Focus","Stratified",3,0.8,0.2,"both",25,10,29,29
3,3.31945702163819,0.501624693664295,2.33629068830024,4.30262335497615,TRUE,"full",626,12,2,"Design 2","High Incidence Focus","Hi-Inc. Focus","Stratified",3,0.8,0.2,"both",25,10,29,29
4,3.17740681195424,0.580540927103797,2.03956750327931,4.31524612062918,TRUE,"full",626,12,2,"Design 2","High Incidence Focus","Hi-Inc. Focus","Stratified",3,0.8,0.2,"both",25,10,29,29
5,3.14430835415114,0.389764596985462,2.38038378161087,3.90823292669142,TRUE,"full",626,12,2,"Design 2","High Incidence Focus","Hi-Inc. Focus","Stratified",3,0.8,0.2,"both",25,10,29,29
6,2.97548137723972,0.540663098570279,1.91580117627214,4.03516157820729,TRUE,"full",626,12,2,"Design 2","High Incidence Focus","Hi-Inc. Focus","Stratified",3,0.8,0.2,"both",25,10,29,29
7,3.10550528030514,0.500736142689136,2.12408047487693,4.08693008573336,TRUE,"full",626,12,2,"Design 2","High Incidence Focus","Hi-Inc. Focus","Stratified",3,0.8,0.2,"both",25,10,29,29
8,3.49810926016807,0.454532892762594,2.60724116056458,4.38897735977156,TRUE,"full",626,12,2,"Design 2","High Incidence Focus","Hi-Inc. Focus","Stratified",3,0.8,0.2,"both",25,10,29,29
9,2.91382434549682,0.517059400169176,1.90040654329735,3.92724214769629,TRUE,"full",626,12,2,"Design 2","High Incidence Focus","Hi-Inc. Focus","Stratified",3,0.8,0.2,"both",25,10,29,29
10,3.4513876626924,0.541348229641257,2.39036462950102,4.51241069588378,TRUE,"full",626,12,2,"Design 2","High Incidence Focus","Hi-Inc. Focus","Stratified",3,0.8,0.2,"both",25,10,29,29
1,2.71044356377325,0.494640607575956,1.74096578763337,3.67992133991314,TRUE,"full",626,13,2,"Design 2","High Incidence Focus","Hi-Inc. Focus","Stratified",3,0.8,0.2,"both",25,10,29,29
2,2.90708480763599,0.486615522233251,1.95333590974067,3.86083370553131,TRUE,"full",626,13,2,"Design 2","High Incidence Focus","Hi-Inc. Focus","Stratified",3,0.8,0.2,"both",25,10,29,29
3,3.08348669042509,0.420781065841327,2.25877095599971,3.90820242485047,TRUE,"full",626,13,2,"Design 2","High Incidence Focus","Hi-Inc. Focus","Stratified",3,0.8,0.2,"both",25,10,29,29
4,2.62680425597339,0.515142905774652,1.61714271376376,3.63646579818302,TRUE,"full",626,13,2,"Design 2","High Incidence Focus","Hi-Inc. Focus","Stratified",3,0.8,0.2,"both",25,10,29,29
5,2.850678793157,0.499303712697838,1.8720614989221,3.82929608739189,TRUE,"full",626,13,2,"Design 2","High Incidence Focus","Hi-Inc. Focus","Stratified",3,0.8,0.2,"both",25,10,29,29
6,2.49533686678317,0.505479907004829,1.50461445414505,3.48605927942129,TRUE,"full",626,13,2,"Design 2","High Incidence Focus","Hi-Inc. Focus","Stratified",3,0.8,0.2,"both",25,10,29,29
7,3.06148400999741,0.502118648079658,2.07734954379534,4.04561847619948,TRUE,"full",626,13,2,"Design 2","High Incidence Focus","Hi-Inc. Focus","Stratified",3,0.8,0.2,"both",25,10,29,29
8,2.68309470340762,0.608655041768897,1.49015274253186,3.87603666428338,TRUE,"full",626,13,2,"Design 2","High Incidence Focus","Hi-Inc. Focus","Stratified",3,0.8,0.2,"both",25,10,29,29
9,3.2682002021371,0.562547940432013,2.16562649931317,4.37077390496103,TRUE,"full",626,13,2,"Design 2","High Incidence Focus","Hi-Inc. Focus","Stratified",3,0.8,0.2,"both",25,10,29,29
10,4.06154052467076,0.526415118767908,3.02978585096829,5.09329519837324,TRUE,"full",626,13,2,"Design 2","High Incidence Focus","Hi-Inc. Focus","Stratified",3,0.8,0.2,"both",25,10,29,29
1,2.53197285047691,0.49887887902936,1.55418821493165,3.50975748602217,TRUE,"full",626,14,2,"Design 2","High Incidence Focus","Hi-Inc. Focus","Stratified",3,0.8,0.2,"both",25,10,29,29
2,2.61540490022747,0.430634094167209,1.77137758514471,3.45943221531023,TRUE,"full",626,14,2,"Design 2","High Incidence Focus","Hi-Inc. Focus","Stratified",3,0.8,0.2,"both",25,10,29,29
3,2.86724859294478,0.513037528073505,1.86171351520325,3.8727836706863,TRUE,"full",626,14,2,"Design 2","High Incidence Focus","Hi-Inc. Focus","Stratified",3,0.8,0.2,"both",25,10,29,29
4,2.13054167695783,0.508836100245894,1.13324124644207,3.1278421074736,TRUE,"full",626,14,2,"Design 2","High Incidence Focus","Hi-Inc. Focus","Stratified",3,0.8,0.2,"both",25,10,29,29
5,3.20886564986201,0.528695377278784,2.17264175160278,4.24508954812124,TRUE,"full",626,14,2,"Design 2","High Incidence Focus","Hi-Inc. Focus","Stratified",3,0.8,0.2,"both",25,10,29,29
6,2.98081617111545,0.420155651423434,2.15732622642456,3.80430611580635,TRUE,"full",626,14,2,"Design 2","High Incidence Focus","Hi-Inc. Focus","Stratified",3,0.8,0.2,"both",25,10,29,29
7,3.48372742720515,0.522160879905878,2.46031090845388,4.50714394595641,TRUE,"full",626,14,2,"Design 2","High Incidence Focus","Hi-Inc. Focus","Stratified",3,0.8,0.2,"both",25,10,29,29
8,3.31258582310698,0.453390243705108,2.42395727450313,4.20121437171083,TRUE,"full",626,14,2,"Design 2","High Incidence Focus","Hi-Inc. Focus","Stratified",3,0.8,0.2,"both",25,10,29,29
9,3.19590212666222,0.488356219975808,2.23874152388351,4.15306272944092,TRUE,"full",626,14,2,"Design 2","High Incidence Focus","Hi-Inc. Focus","Stratified",3,0.8,0.2,"both",25,10,29,29
10,2.27610018103162,0.498129671739429,1.29978396479158,3.25241639727166,TRUE,"full",626,14,2,"Design 2","High Incidence Focus","Hi-Inc. Focus","Stratified",3,0.8,0.2,"both",25,10,29,29
1,3.7834135066773,0.531829432683935,2.74104697269842,4.82578004065618,TRUE,"full",626,15,2,"Design 2","High Incidence Focus","Hi-Inc. Focus","Stratified",3,0.8,0.2,"both",25,10,29,29
2,3.02889461744648,0.573404109057666,1.90504321510618,4.15274601978678,TRUE,"full",626,15,2,"Design 2","High Incidence Focus","Hi-Inc. Focus","Stratified",3,0.8,0.2,"both",25,10,29,29
3,2.1114928333174,0.51004812186581,1.11181688407812,3.11116878255669,TRUE,"full",626,15,2,"Design 2","High Incidence Focus","Hi-Inc. Focus","Stratified",3,0.8,0.2,"both",25,10,29,29
4,2.97488845685108,0.55725281739279,1.88269300447774,4.06708390922442,TRUE,"full",626,15,2,"Design 2","High Incidence Focus","Hi-Inc. Focus","Stratified",3,0.8,0.2,"both",25,10,29,29
5,3.17086319780568,0.577669355235644,2.03865206657135,4.30307432904002,TRUE,"full",626,15,2,"Design 2","High Incidence Focus","Hi-Inc. Focus","Stratified",3,0.8,0.2,"both",25,10,29,29
6,3.16035533283453,0.444491027324159,2.28916892782797,4.03154173784109,TRUE,"full",626,15,2,"Design 2","High Incidence Focus","Hi-Inc. Focus","Stratified",3,0.8,0.2,"both",25,10,29,29
7,2.9476516418336,0.543711383870726,1.88199691146255,4.01330637220466,TRUE,"full",626,15,2,"Design 2","High Incidence Focus","Hi-Inc. Focus","Stratified",3,0.8,0.2,"both",25,10,29,29
8,2.88653751900402,0.597438037118897,1.71558048325668,4.05749455475136,TRUE,"full",626,15,2,"Design 2","High Incidence Focus","Hi-Inc. Focus","Stratified",3,0.8,0.2,"both",25,10,29,29
9,2.89297807229156,0.539805961166617,1.83497782976497,3.95097831481816,TRUE,"full",626,15,2,"Design 2","High Incidence Focus","Hi-Inc. Focus","Stratified",3,0.8,0.2,"both",25,10,29,29
10,4.71233019162105,0.434554275196818,3.86061946290738,5.56404092033472,TRUE,"full",626,15,2,"Design 2","High Incidence Focus","Hi-Inc. Focus","Stratified",3,0.8,0.2,"both",25,10,29,29
1,2.84327240660057,0.450287214406404,1.96072568366516,3.72581912953599,TRUE,"full",626,16,2,"Design 2","High Incidence Focus","Hi-Inc. Focus","Stratified",3,0.8,0.2,"both",25,10,29,29
2,3.68602441093877,0.489053906021253,2.72749636863848,4.64455245323906,TRUE,"full",626,16,2,"Design 2","High Incidence Focus","Hi-Inc. Focus","Stratified",3,0.8,0.2,"both",25,10,29,29
3,2.64884855709415,0.48645087247321,1.69542236679857,3.60227474738972,TRUE,"full",626,16,2,"Design 2","High Incidence Focus","Hi-Inc. Focus","Stratified",3,0.8,0.2,"both",25,10,29,29
4,3.12761277998911,0.555773440858795,2.03831685234197,4.21690870763625,TRUE,"full",626,16,2,"Design 2","High Incidence Focus","Hi-Inc. Focus","Stratified",3,0.8,0.2,"both",25,10,29,29
5,3.9001844881881,0.514076825154161,2.89261242559925,4.90775655077695,TRUE,"full",626,16,2,"Design 2","High Incidence Focus","Hi-Inc. Focus","Stratified",3,0.8,0.2,"both",25,10,29,29
6,3.46235235424285,0.525272940834703,2.43283630815339,4.4918684003323,TRUE,"full",626,16,2,"Design 2","High Incidence Focus","Hi-Inc. Focus","Stratified",3,0.8,0.2,"both",25,10,29,29
7,3.70941477215785,0.495323573611904,2.73859840718485,4.68023113713086,TRUE,"full",626,16,2,"Design 2","High Incidence Focus","Hi-Inc. Focus","Stratified",3,0.8,0.2,"both",25,10,29,29
8,2.79288357409163,0.550217881914469,1.71447634188936,3.8712908062939,TRUE,"full",626,16,2,"Design 2","High Incidence Focus","Hi-Inc. Focus","Stratified",3,0.8,0.2,"both",25,10,29,29
9,3.5167573306811,0.498611837750638,2.53949608642452,4.49401857493768,TRUE,"full",626,16,2,"Design 2","High Incidence Focus","Hi-Inc. Focus","Stratified",3,0.8,0.2,"both",25,10,29,29
10,4.40395747776951,0.524625694551191,3.37571001108487,5.43220494445416,TRUE,"full",626,16,2,"Design 2","High Incidence Focus","Hi-Inc. Focus","Stratified",3,0.8,0.2,"both",25,10,29,29
1,3.24246424048566,0.549459221315688,2.16554395573349,4.31938452523783,TRUE,"full",626,17,2,"Design 2","High Incidence Focus","Hi-Inc. Focus","Stratified",3,0.8,0.2,"both",25,10,29,29
2,3.57623671247033,0.49903506103609,2.59814596581684,4.55432745912381,TRUE,"full",626,17,2,"Design 2","High Incidence Focus","Hi-Inc. Focus","Stratified",3,0.8,0.2,"both",25,10,29,29
3,2.97218894087782,0.52771730183626,1.9378820352601,4.00649584649554,TRUE,"full",626,17,2,"Design 2","High Incidence Focus","Hi-Inc. Focus","Stratified",3,0.8,0.2,"both",25,10,29,29
4,2.66535207834614,0.530818419903822,1.62496709300419,3.70573706368809,TRUE,"full",626,17,2,"Design 2","High Incidence Focus","Hi-Inc. Focus","Stratified",3,0.8,0.2,"both",25,10,29,29
5,2.89736019010005,0.589762186230935,1.74144754564381,4.05327283455629,TRUE,"full",626,17,2,"Design 2","High Incidence Focus","Hi-Inc. Focus","Stratified",3,0.8,0.2,"both",25,10,29,29
6,3.67872133018109,0.477485252066753,2.74286743298123,4.61457522738096,TRUE,"full",626,17,2,"Design 2","High Incidence Focus","Hi-Inc. Focus","Stratified",3,0.8,0.2,"both",25,10,29,29
7,2.5424335038974,0.496793265965969,1.56873659484207,3.51613041295272,TRUE,"full",626,17,2,"Design 2","High Incidence Focus","Hi-Inc. Focus","Stratified",3,0.8,0.2,"both",25,10,29,29
8,2.93023739331701,0.418861900468533,2.10928315390269,3.75119163273134,TRUE,"full",626,17,2,"Design 2","High Incidence Focus","Hi-Inc. Focus","Stratified",3,0.8,0.2,"both",25,10,29,29
9,2.17904520257549,0.523783383185538,1.15244863583129,3.20564176931969,TRUE,"full",626,17,2,"Design 2","High Incidence Focus","Hi-Inc. Focus","Stratified",3,0.8,0.2,"both",25,10,29,29
10,2.64947840430964,0.474073226955729,1.72031195344173,3.57864485517755,TRUE,"full",626,17,2,"Design 2","High Incidence Focus","Hi-Inc. Focus","Stratified",3,0.8,0.2,"both",25,10,29,29
1,2.66263953321465,0.530588059022786,1.62270604690298,3.70257301952632,TRUE,"full",626,18,2,"Design 2","High Incidence Focus","Hi-Inc. Focus","Stratified",3,0.8,0.2,"both",25,10,29,29
2,2.6755520423024,0.402666347552461,1.88634050331329,3.46476358129151,TRUE,"full",626,18,2,"Design 2","High Incidence Focus","Hi-Inc. Focus","Stratified",3,0.8,0.2,"both",25,10,29,29
3,2.77153271400748,0.525212777955994,1.7421345849935,3.80093084302146,TRUE,"full",626,18,2,"Design 2","High Incidence Focus","Hi-Inc. Focus","Stratified",3,0.8,0.2,"both",25,10,29,29
4,2.56556632195359,0.584760721311225,1.41945636860992,3.71167627529725,TRUE,"full",626,18,2,"Design 2","High Incidence Focus","Hi-Inc. Focus","Stratified",3,0.8,0.2,"both",25,10,29,29
5,3.4911628128882,0.522833776265609,2.46642744150653,4.51589818426986,TRUE,"full",626,18,2,"Design 2","High Incidence Focus","Hi-Inc. Focus","Stratified",3,0.8,0.2,"both",25,10,29,29
6,3.15331772293082,0.517189002855496,2.13964590413387,4.16698954172778,TRUE,"full",626,18,2,"Design 2","High Incidence Focus","Hi-Inc. Focus","Stratified",3,0.8,0.2,"both",25,10,29,29
7,2.57214588999112,0.490824671966355,1.61014721021338,3.53414456976886,TRUE,"full",626,18,2,"Design 2","High Incidence Focus","Hi-Inc. Focus","Stratified",3,0.8,0.2,"both",25,10,29,29
8,3.64597943542564,0.543067038437439,2.58158759889743,4.71037127195385,TRUE,"full",626,18,2,"Design 2","High Incidence Focus","Hi-Inc. Focus","Stratified",3,0.8,0.2,"both",25,10,29,29
9,2.54428854652078,0.44017011071063,1.68157098245694,3.40700611058462,TRUE,"full",626,18,2,"Design 2","High Incidence Focus","Hi-Inc. Focus","Stratified",3,0.8,0.2,"both",25,10,29,29
10,2.02813816264343,0.540003545395615,0.969750662144084,3.08652566314278,TRUE,"full",626,18,2,"Design 2","High Incidence Focus","Hi-Inc. Focus","Stratified",3,0.8,0.2,"both",25,10,29,29
1,3.34083127170609,0.494628582311597,2.37137706465125,4.31028547876092,TRUE,"full",626,19,2,"Design 2","High Incidence Focus","Hi-Inc. Focus","Stratified",3,0.8,0.2,"both",25,10,29,29
2,3.29697950731924,0.540105356702751,2.23839246032469,4.35556655431379,TRUE,"full",626,19,2,"Design 2","High Incidence Focus","Hi-Inc. Focus","Stratified",3,0.8,0.2,"both",25,10,29,29
3,2.91961918440029,0.536918000235086,1.86727924128825,3.97195912751233,TRUE,"full",626,19,2,"Design 2","High Incidence Focus","Hi-Inc. Focus","Stratified",3,0.8,0.2,"both",25,10,29,29
4,2.18115231459104,0.438859130189192,1.32100422513365,3.04130040404843,TRUE,"full",626,19,2,"Design 2","High Incidence Focus","Hi-Inc. Focus","Stratified",3,0.8,0.2,"both",25,10,29,29
5,2.82717087304349,0.512350563843412,1.82298222045161,3.83135952563536,TRUE,"full",626,19,2,"Design 2","High Incidence Focus","Hi-Inc. Focus","Stratified",3,0.8,0.2,"both",25,10,29,29
6,2.45549087461503,0.533869580804221,1.40912572379726,3.5018560254328,TRUE,"full",626,19,2,"Design 2","High Incidence Focus","Hi-Inc. Focus","Stratified",3,0.8,0.2,"both",25,10,29,29
7,2.93699015702903,0.485365146989139,1.98569194957933,3.88828836447873,TRUE,"full",626,19,2,"Design 2","High Incidence Focus","Hi-Inc. Focus","Stratified",3,0.8,0.2,"both",25,10,29,29
8,4.06795330910597,0.506033494738598,3.07614588444738,5.05976073376456,TRUE,"full",626,19,2,"Design 2","High Incidence Focus","Hi-Inc. Focus","Stratified",3,0.8,0.2,"both",25,10,29,29
9,2.9664329193272,0.468520040138647,2.04815051462019,3.8847153240342,TRUE,"full",626,19,2,"Design 2","High Incidence Focus","Hi-Inc. Focus","Stratified",3,0.8,0.2,"both",25,10,29,29
10,3.15758673120965,0.456856891403869,2.26216367796914,4.05300978445016,TRUE,"full",626,19,2,"Design 2","High Incidence Focus","Hi-Inc. Focus","Stratified",3,0.8,0.2,"both",25,10,29,29
1,3.5041055434242,0.563571705614186,2.39952529771459,4.60868578913382,TRUE,"full",626,20,2,"Design 2","High Incidence Focus","Hi-Inc. Focus","Stratified",3,0.8,0.2,"both",25,10,29,29
2,3.55319921135377,0.466227585004632,2.63940993614561,4.46698848656194,TRUE,"full",626,20,2,"Design 2","High Incidence Focus","Hi-Inc. Focus","Stratified",3,0.8,0.2,"both",25,10,29,29
3,2.9340147433656,0.569084612088899,1.81862939951541,4.04940008721579,TRUE,"full",626,20,2,"Design 2","High Incidence Focus","Hi-Inc. Focus","Stratified",3,0.8,0.2,"both",25,10,29,29
4,2.6020766115819,0.52423436289082,1.57459614085759,3.62955708230621,TRUE,"full",626,20,2,"Design 2","High Incidence Focus","Hi-Inc. Focus","Stratified",3,0.8,0.2,"both",25,10,29,29
5,2.33056672949375,0.548251008656026,1.25601449804018,3.40511896094732,TRUE,"full",626,20,2,"Design 2","High Incidence Focus","Hi-Inc. Focus","Stratified",3,0.8,0.2,"both",25,10,29,29
6,3.27723626484885,0.529106667032874,2.24020625348439,4.3142662762133,TRUE,"full",626,20,2,"Design 2","High Incidence Focus","Hi-Inc. Focus","Stratified",3,0.8,0.2,"both",25,10,29,29
7,2.73230309356359,0.491906071204271,1.76818491022662,3.69642127690055,TRUE,"full",626,20,2,"Design 2","High Incidence Focus","Hi-Inc. Focus","Stratified",3,0.8,0.2,"both",25,10,29,29
8,1.63284663366778,0.527841530062228,0.598296245201294,2.66739702213426,TRUE,"full",626,20,2,"Design 2","High Incidence Focus","Hi-Inc. Focus","Stratified",3,0.8,0.2,"both",25,10,29,29
9,2.46548566214618,0.493370962405324,1.49849634481388,3.43247497947848,TRUE,"full",626,20,2,"Design 2","High Incidence Focus","Hi-Inc. Focus","Stratified",3,0.8,0.2,"both",25,10,29,29
10,3.07360593384612,0.579859013960639,1.93710315037236,4.21010871731988,TRUE,"full",626,20,2,"Design 2","High Incidence Focus","Hi-Inc. Focus","Stratified",3,0.8,0.2,"both",25,10,29,29
1,3.59620644653894,0.540688920810138,2.53647563491124,4.65593725816664,TRUE,"full",626,21,2,"Design 2","High Incidence Focus","Hi-Inc. Focus","Stratified",3,0.8,0.2,"both",25,10,29,29
2,4.00471475529428,0.485132203237994,3.05387310920725,4.95555640138132,TRUE,"full",626,21,2,"Design 2","High Incidence Focus","Hi-Inc. Focus","Stratified",3,0.8,0.2,"both",25,10,29,29
3,3.27626985199237,0.434763540399987,2.42414897101727,4.12839073296747,TRUE,"full",626,21,2,"Design 2","High Incidence Focus","Hi-Inc. Focus","Stratified",3,0.8,0.2,"both",25,10,29,29
4,3.06511050804396,0.553237795208324,1.9807843545493,4.14943666153862,TRUE,"full",626,21,2,"Design 2","High Incidence Focus","Hi-Inc. Focus","Stratified",3,0.8,0.2,"both",25,10,29,29
5,2.85093398850172,0.454100018873874,1.96091430612997,3.74095367087347,TRUE,"full",626,21,2,"Design 2","High Incidence Focus","Hi-Inc. Focus","Stratified",3,0.8,0.2,"both",25,10,29,29
6,3.88772885213438,0.486767145832405,2.93368277744551,4.84177492682325,TRUE,"full",626,21,2,"Design 2","High Incidence Focus","Hi-Inc. Focus","Stratified",3,0.8,0.2,"both",25,10,29,29
7,3.29606415622389,0.554310946340081,2.20963466516102,4.38249364728677,TRUE,"full",626,21,2,"Design 2","High Incidence Focus","Hi-Inc. Focus","Stratified",3,0.8,0.2,"both",25,10,29,29
8,2.92858438118951,0.462154015981424,2.02277915455537,3.83438960782365,TRUE,"full",626,21,2,"Design 2","High Incidence Focus","Hi-Inc. Focus","Stratified",3,0.8,0.2,"both",25,10,29,29
9,3.05676323119809,0.447746923041754,2.17919538784763,3.93433107454856,TRUE,"full",626,21,2,"Design 2","High Incidence Focus","Hi-Inc. Focus","Stratified",3,0.8,0.2,"both",25,10,29,29
10,3.53888631730958,0.446975878867029,2.66282969277206,4.41494294184709,TRUE,"full",626,21,2,"Design 2","High Incidence Focus","Hi-Inc. Focus","Stratified",3,0.8,0.2,"both",25,10,29,29
1,2.33643115891493,0.568907394529084,1.22139315509941,3.45146916273046,TRUE,"full",626,22,2,"Design 2","High Incidence Focus","Hi-Inc. Focus","Stratified",3,0.8,0.2,"both",25,10,29,29
2,2.90301795083803,0.495318446868788,1.93221163409688,3.87382426757917,TRUE,"full",626,22,2,"Design 2","High Incidence Focus","Hi-Inc. Focus","Stratified",3,0.8,0.2,"both",25,10,29,29
3,3.47417653667552,0.424535594037193,2.64210206220731,4.30625101114374,TRUE,"full",626,22,2,"Design 2","High Incidence Focus","Hi-Inc. Focus","Stratified",3,0.8,0.2,"both",25,10,29,29
4,2.50341298449581,0.497219824707633,1.52888003566953,3.47794593332209,TRUE,"full",626,22,2,"Design 2","High Incidence Focus","Hi-Inc. Focus","Stratified",3,0.8,0.2,"both",25,10,29,29
5,3.96910242029085,0.536890750414951,2.91681588584486,5.02138895473683,TRUE,"full",626,22,2,"Design 2","High Incidence Focus","Hi-Inc. Focus","Stratified",3,0.8,0.2,"both",25,10,29,29
6,3.55725218116812,0.477022955346222,2.62230436889067,4.49219999344558,TRUE,"full",626,22,2,"Design 2","High Incidence Focus","Hi-Inc. Focus","Stratified",3,0.8,0.2,"both",25,10,29,29
7,3.32250038221485,0.51122948892111,2.32050899609465,4.32449176833504,TRUE,"full",626,22,2,"Design 2","High Incidence Focus","Hi-Inc. Focus","Stratified",3,0.8,0.2,"both",25,10,29,29
8,2.70214631765037,0.510798843959553,1.70099898014495,3.70329365515579,TRUE,"full",626,22,2,"Design 2","High Incidence Focus","Hi-Inc. Focus","Stratified",3,0.8,0.2,"both",25,10,29,29
9,2.1939425675832,0.506617615765223,1.20099028674982,3.18689484841659,TRUE,"full",626,22,2,"Design 2","High Incidence Focus","Hi-Inc. Focus","Stratified",3,0.8,0.2,"both",25,10,29,29
10,2.37765755052925,0.516522539982929,1.36529197495956,3.39002312609894,TRUE,"full",626,22,2,"Design 2","High Incidence Focus","Hi-Inc. Focus","Stratified",3,0.8,0.2,"both",25,10,29,29
1,3.54205199882612,0.559858828066442,2.4447488593891,4.63935513826315,TRUE,"full",626,23,2,"Design 2","High Incidence Focus","Hi-Inc. Focus","Stratified",3,0.8,0.2,"both",25,10,29,29
2,2.46273070212897,0.550096642555686,1.38456109470342,3.54090030955452,TRUE,"full",626,23,2,"Design 2","High Incidence Focus","Hi-Inc. Focus","Stratified",3,0.8,0.2,"both",25,10,29,29
3,3.06432438935164,0.454660419430053,2.17320634207286,3.95544243663041,TRUE,"full",626,23,2,"Design 2","High Incidence Focus","Hi-Inc. Focus","Stratified",3,0.8,0.2,"both",25,10,29,29
4,3.32035819910158,0.451806844595058,2.43483305572658,4.20588334247658,TRUE,"full",626,23,2,"Design 2","High Incidence Focus","Hi-Inc. Focus","Stratified",3,0.8,0.2,"both",25,10,29,29
5,2.5799598103065,0.484937689188867,1.62949940475024,3.53042021586276,TRUE,"full",626,23,2,"Design 2","High Incidence Focus","Hi-Inc. Focus","Stratified",3,0.8,0.2,"both",25,10,29,29
6,3.07580183787715,0.486858835756439,2.12157605423943,4.03002762151487,TRUE,"full",626,23,2,"Design 2","High Incidence Focus","Hi-Inc. Focus","Stratified",3,0.8,0.2,"both",25,10,29,29
7,2.98259486254464,0.525917095455197,1.95181629659854,4.01337342849074,TRUE,"full",626,23,2,"Design 2","High Incidence Focus","Hi-Inc. Focus","Stratified",3,0.8,0.2,"both",25,10,29,29
8,2.83068361766726,0.513078745612494,1.82506775503379,3.83629948030074,TRUE,"full",626,23,2,"Design 2","High Incidence Focus","Hi-Inc. Focus","Stratified",3,0.8,0.2,"both",25,10,29,29
9,4.00757732038038,0.449690984270654,3.12619918703753,4.88895545372323,TRUE,"full",626,23,2,"Design 2","High Incidence Focus","Hi-Inc. Focus","Stratified",3,0.8,0.2,"both",25,10,29,29
10,2.71864483319913,0.572334395840456,1.59689003023835,3.84039963615991,TRUE,"full",626,23,2,"Design 2","High Incidence Focus","Hi-Inc. Focus","Stratified",3,0.8,0.2,"both",25,10,29,29
1,2.69220909521385,0.438159770389436,1.83343172577621,3.55098646465148,TRUE,"full",626,24,2,"Design 2","High Incidence Focus","Hi-Inc. Focus","Stratified",3,0.8,0.2,"both",25,10,29,29
2,2.87769479306662,0.439549377397424,2.01619384394066,3.73919574219257,TRUE,"full",626,24,2,"Design 2","High Incidence Focus","Hi-Inc. Focus","Stratified",3,0.8,0.2,"both",25,10,29,29
3,2.6844819441753,0.516948267870607,1.67128195727855,3.69768193107205,TRUE,"full",626,24,2,"Design 2","High Incidence Focus","Hi-Inc. Focus","Stratified",3,0.8,0.2,"both",25,10,29,29
4,3.26199561911086,0.471728606008615,2.33742454085669,4.18656669736503,TRUE,"full",626,24,2,"Design 2","High Incidence Focus","Hi-Inc. Focus","Stratified",3,0.8,0.2,"both",25,10,29,29
5,2.88354587231777,0.493617709724305,1.91607293912698,3.85101880550855,TRUE,"full",626,24,2,"Design 2","High Incidence Focus","Hi-Inc. Focus","Stratified",3,0.8,0.2,"both",25,10,29,29
6,3.18462364876749,0.535624335639179,2.1348192416715,4.23442805586347,TRUE,"full",626,24,2,"Design 2","High Incidence Focus","Hi-Inc. Focus","Stratified",3,0.8,0.2,"both",25,10,29,29
7,2.85790660670041,0.582554537321715,1.71612069451946,3.99969251888137,TRUE,"full",626,24,2,"Design 2","High Incidence Focus","Hi-Inc. Focus","Stratified",3,0.8,0.2,"both",25,10,29,29
8,2.13288984679102,0.455230167111741,1.24065511457585,3.02512457900618,TRUE,"full",626,24,2,"Design 2","High Incidence Focus","Hi-Inc. Focus","Stratified",3,0.8,0.2,"both",25,10,29,29
9,3.00789330399869,0.455082930934884,2.11594714938739,3.89983945860999,TRUE,"full",626,24,2,"Design 2","High Incidence Focus","Hi-Inc. Focus","Stratified",3,0.8,0.2,"both",25,10,29,29
10,3.5729317922324,0.550299227236109,2.4943651261294,4.65149845833539,TRUE,"full",626,24,2,"Design 2","High Incidence Focus","Hi-Inc. Focus","Stratified",3,0.8,0.2,"both",25,10,29,29
1,3.18042430436992,0.404677600834364,2.38727078138449,3.97357782735535,TRUE,"full",626,25,2,"Design 2","High Incidence Focus","Hi-Inc. Focus","Stratified",3,0.8,0.2,"both",25,10,29,29
2,2.64224229330404,0.434637728912602,1.79036799831305,3.49411658829502,TRUE,"full",626,25,2,"Design 2","High Incidence Focus","Hi-Inc. Focus","Stratified",3,0.8,0.2,"both",25,10,29,29
3,2.06336616807871,0.55699085911528,0.97168414449474,3.15504819166268,TRUE,"full",626,25,2,"Design 2","High Incidence Focus","Hi-Inc. Focus","Stratified",3,0.8,0.2,"both",25,10,29,29
4,2.43887447578754,0.498645460964783,1.46154733124219,3.41620162033289,TRUE,"full",626,25,2,"Design 2","High Incidence Focus","Hi-Inc. Focus","Stratified",3,0.8,0.2,"both",25,10,29,29
5,3.3551371068001,0.553261694300834,2.27076411194485,4.43951010165534,TRUE,"full",626,25,2,"Design 2","High Incidence Focus","Hi-Inc. Focus","Stratified",3,0.8,0.2,"both",25,10,29,29
6,3.1837361733188,0.50093426428497,2.20192305669819,4.16554928993941,TRUE,"full",626,25,2,"Design 2","High Incidence Focus","Hi-Inc. Focus","Stratified",3,0.8,0.2,"both",25,10,29,29
7,3.18024903649096,0.404306429780735,2.38782299540275,3.97267507757917,TRUE,"full",626,25,2,"Design 2","High Incidence Focus","Hi-Inc. Focus","Stratified",3,0.8,0.2,"both",25,10,29,29
8,3.73077998993327,0.491380246178762,2.76769240470847,4.69386757515807,TRUE,"full",626,25,2,"Design 2","High Incidence Focus","Hi-Inc. Focus","Stratified",3,0.8,0.2,"both",25,10,29,29
9,3.03639905965942,0.453790578975702,2.14698586834346,3.92581225097537,TRUE,"full",626,25,2,"Design 2","High Incidence Focus","Hi-Inc. Focus","Stratified",3,0.8,0.2,"both",25,10,29,29
10,3.24367222239548,0.493703133552102,2.27603186157879,4.21131258321217,TRUE,"full",626,25,2,"Design 2","High Incidence Focus","Hi-Inc. Focus","Stratified",3,0.8,0.2,"both",25,10,29,29
